Workbook

Sheet Data
A1: Year | B1: Start year | C1: Crop | D1: Area (ha) | E1: Production (as printed) | F1: Production unit | G1: Yield reported (as printed) | H1: Yield unit | I1: Unit factor | J1: Yield recomputed | K1: % diff vs printed | L1: Check
A2: 1965-66 | B2: 1965 | C2: Foodgrains | D2: 4865575 | E2: 5031910 | F2: tonnes | G2: 1034 | H2: kg/ha | I2: 1000 | J2: =IFERROR(E2*I2/D2,"") -> 1034.1861 | K2: =IFERROR((J2-G2)/G2,"") -> 0.000179974 | L2: =IF(K2="","",IF(ABS(K2)>0.05,"CHECK","OK")) -> OK
A3: 1965-66 | B3: 1965 | C3: Paddy | D3: 2501934 | E3: 3524220 | F3: tonnes (rice terms) | G3: 1409 | H3: kg/ha | I3: 1000 | J3: =IFERROR(E3*I3/D3,"") -> 1408.5983 | K3: =IFERROR((J3-G3)/G3,"") -> -0.00028508989 | L3: =IF(K3="","",IF(ABS(K3)>0.05,"CHECK","OK")) -> OK
A4: 1966-67 | B4: 1966 | C4: Foodgrains | D4: 5082517 | E4: 5458300 | F4: tonnes | G4: 1074 | H4: kg/ha | I4: 1000 | J4: =IFERROR(E4*I4/D4,"") -> 1073.9364 | K4: =IFERROR((J4-G4)/G4,"") -> -5.9219694e-05 | L4: =IF(K4="","",IF(ABS(K4)>0.05,"CHECK","OK")) -> OK
A5: 1966-67 | B5: 1966 | C5: Paddy | D5: 2689010 | E5: 3790950 | F5: tonnes (rice terms) | G5: 1410 | H5: kg/ha | I5: 1000 | J5: =IFERROR(E5*I5/D5,"") -> 1409.7939 | K5: =IFERROR((J5-G5)/G5,"") -> -0.00014614253 | L5: =IF(K5="","",IF(ABS(K5)>0.05,"CHECK","OK")) -> OK
A6: 1967-68 | B6: 1967 | C6: Foodgrains | D6: 5007067 | E6: 5416990 | F6: tonnes | G6: 1082 | H6: kg/ha | I6: 1000 | J6: =IFERROR(E6*I6/D6,"") -> 1081.8689 | K6: =IFERROR((J6-G6)/G6,"") -> -0.00012117697 | L6: =IF(K6="","",IF(ABS(K6)>0.05,"CHECK","OK")) -> OK
A7: 1967-68 | B7: 1967 | C7: Paddy | D7: 2659809 | E7: 3845790 | F7: tonnes (rice terms) | G7: 1446 | H7: kg/ha | I7: 1000 | J7: =IFERROR(E7*I7/D7,"") -> 1445.8895 | K7: =IFERROR((J7-G7)/G7,"") -> -7.6393031e-05 | L7: =IF(K7="","",IF(ABS(K7)>0.05,"CHECK","OK")) -> OK
A8: 1968-69 | B8: 1968 | C8: Foodgrains | D8: 4709221 | E8: 5061990 | F8: tonnes | G8: 1075 | H8: kg/ha | I8: 1000 | J8: =IFERROR(E8*I8/D8,"") -> 1074.9103 | K8: =IFERROR((J8-G8)/G8,"") -> -8.3473046e-05 | L8: =IF(K8="","",IF(ABS(K8)>0.05,"CHECK","OK")) -> OK
A9: 1968-69 | B9: 1968 | C9: Paddy | D9: 2362898 | E9: 3549940 | F9: tonnes (rice terms) | G9: 1502 | H9: kg/ha | I9: 1000 | J9: =IFERROR(E9*I9/D9,"") -> 1502.367 | K9: =IFERROR((J9-G9)/G9,"") -> 0.00024434664 | L9: =IF(K9="","",IF(ABS(K9)>0.05,"CHECK","OK")) -> OK
A10: 1969-70 | B10: 1969 | C10: Foodgrains | D10: 5014789 | E10: 5729820 | F10: tonnes | G10: 1143 | H10: kg/ha | I10: 1000 | J10: =IFERROR(E10*I10/D10,"") -> 1142.5845 | K10: =IFERROR((J10-G10)/G10,"") -> -0.00036354884 | L10: =IF(K10="","",IF(ABS(K10)>0.05,"CHECK","OK")) -> OK
A11: 1969-70 | B11: 1969 | C11: Paddy | D11: 2517776 | E11: 4011650 | F11: tonnes (rice terms) | G11: 1593 | H11: kg/ha | I11: 1000 | J11: =IFERROR(E11*I11/D11,"") -> 1593.3308 | K11: =IFERROR((J11-G11)/G11,"") -> 0.00020764646 | L11: =IF(K11="","",IF(ABS(K11)>0.05,"CHECK","OK")) -> OK
A12: 1970-71 | B12: 1970 | C12: Foodgrains | D12: 5109729 | E12: 6706780 | F12: tonnes | G12: 1313 | H12: kg/ha | I12: 1000 | J12: =IFERROR(E12*I12/D12,"") -> 1312.551 | K12: =IFERROR((J12-G12)/G12,"") -> -0.00034195135 | L12: =IF(K12="","",IF(ABS(K12)>0.05,"CHECK","OK")) -> OK
A13: 1970-71 | B13: 1970 | C13: Paddy | D13: 2635718 | E13: 5000920 | F13: tonnes (rice terms) | G13: 1897 | H13: kg/ha | I13: 1000 | J13: =IFERROR(E13*I13/D13,"") -> 1897.3653 | K13: =IFERROR((J13-G13)/G13,"") -> 0.00019259245 | L13: =IF(K13="","",IF(ABS(K13)>0.05,"CHECK","OK")) -> OK
... A1141: 2024-25 | B1141: 2024 | C1141: Cotton | D1141: 102359 | E1141: 210527 | F1141: bales of 170 kg lint | G1141: 350 | H1141: kg/ha | I1141: 170 | J1141: =IFERROR(E1141*I1141/D1141,"") -> 349.64771 | K1141: =IFERROR((J1141-G1141)/G1141,"") -> -0.0010065414 | L1141: =IF(K1141="","",IF(ABS(K1141)>0.05,"CHECK","OK")) -> OK

Sheet Yield_2014-25
A1: Year | B1: Paddy | C1: Cholam (Sorghum) | D1: Cumbu (Pearl millet) | E1: Ragi (Finger millet) | F1: Maize | G1: Red gram | H1: Green gram | I1: Black gram | J1: Horse gram | K1: Groundnut | L1: Gingelly (Sesame) | M1: Cotton | N1: Sugarcane
A2: 2014-15 | B2: =SUMIFS(Data!$J$2:$J$1141,Data!$A$2:$A$1141,$A2,Data!$C$2:$C$1141,B$1) -> 4428.6779 | C2: =SUMIFS(Data!$J$2:$J$1141,Data!$A$2:$A$1141,$A2,Data!$C$2:$C$1141,C$1) -> 2093.3118 | D2: =SUMIFS(Data!$J$2:$J$1141,Data!$A$2:$A$1141,$A2,Data!$C$2:$C$1141,D$1) -> 3077.043 | E2: =SUMIFS(Data!$J$2:$J$1141,Data!$A$2:$A$1141,$A2,Data!$C$2:$C$1141,E$1) -> 3348.0934 | F2: =SUMIFS(Data!$J$2:$J$1141,Data!$A$2:$A$1141,$A2,Data!$C$2:$C$1141,F$1) -> 8224.0551 | G2: =SUMIFS(Data!$J$2:$J$1141,Data!$A$2:$A$1141,$A2,Data!$C$2:$C$1141,G$1) -> 1256.4064 | H2: =SUMIFS(Data!$J$2:$J$1141,Data!$A$2:$A$1141,$A2,Data!$C$2:$C$1141,H$1) -> 787.26787 | I2: =SUMIFS(Data!$J$2:$J$1141,Data!$A$2:$A$1141,$A2,Data!$C$2:$C$1141,I$1) -> 960.17197 | ... N2: =SUMIFS(Data!$J$2:$J$1141,Data!$A$2:$A$1141,$A2,Data!$C$2:$C$1141,N$1) -> 106.78987
A3: 2015-16 | B3: =SUMIFS(Data!$J$2:$J$1141,Data!$A$2:$A$1141,$A3,Data!$C$2:$C$1141,B$1) -> 3686.9497 | C3: =SUMIFS(Data!$J$2:$J$1141,Data!$A$2:$A$1141,$A3,Data!$C$2:$C$1141,C$1) -> 1296.1765 | D3: =SUMIFS(Data!$J$2:$J$1141,Data!$A$2:$A$1141,$A3,Data!$C$2:$C$1141,D$1) -> 2603.0113 | E3: =SUMIFS(Data!$J$2:$J$1141,Data!$A$2:$A$1141,$A3,Data!$C$2:$C$1141,E$1) -> 3134.4209 | F3: =SUMIFS(Data!$J$2:$J$1141,Data!$A$2:$A$1141,$A3,Data!$C$2:$C$1141,F$1) -> 7132.0382 | G3: =SUMIFS(Data!$J$2:$J$1141,Data!$A$2:$A$1141,$A3,Data!$C$2:$C$1141,G$1) -> 1016.2862 | H3: =SUMIFS(Data!$J$2:$J$1141,Data!$A$2:$A$1141,$A3,Data!$C$2:$C$1141,H$1) -> 562.07032 | I3: =SUMIFS(Data!$J$2:$J$1141,Data!$A$2:$A$1141,$A3,Data!$C$2:$C$1141,I$1) -> 699.34411 | ... N3: =SUMIFS(Data!$J$2:$J$1141,Data!$A$2:$A$1141,$A3,Data!$C$2:$C$1141,N$1) -> 101.11635
A4: 2016-17 | B4: =SUMIFS(Data!$J$2:$J$1141,Data!$A$2:$A$1141,$A4,Data!$C$2:$C$1141,B$1) -> 2463.2742 | C4: =SUMIFS(Data!$J$2:$J$1141,Data!$A$2:$A$1141,$A4,Data!$C$2:$C$1141,C$1) -> 573.2532 | D4: =SUMIFS(Data!$J$2:$J$1141,Data!$A$2:$A$1141,$A4,Data!$C$2:$C$1141,D$1) -> 2058.4623 | E4: =SUMIFS(Data!$J$2:$J$1141,Data!$A$2:$A$1141,$A4,Data!$C$2:$C$1141,E$1) -> 1864.8186 | F4: =SUMIFS(Data!$J$2:$J$1141,Data!$A$2:$A$1141,$A4,Data!$C$2:$C$1141,F$1) -> 3026.3054 | G4: =SUMIFS(Data!$J$2:$J$1141,Data!$A$2:$A$1141,$A4,Data!$C$2:$C$1141,G$1) -> 655.10962 | H4: =SUMIFS(Data!$J$2:$J$1141,Data!$A$2:$A$1141,$A4,Data!$C$2:$C$1141,H$1) -> 337.92642 | I4: =SUMIFS(Data!$J$2:$J$1141,Data!$A$2:$A$1141,$A4,Data!$C$2:$C$1141,I$1) -> 429.54135 | ... N4: =SUMIFS(Data!$J$2:$J$1141,Data!$A$2:$A$1141,$A4,Data!$C$2:$C$1141,N$1) -> 86.994323
A5: 2017-18 | B5: =SUMIFS(Data!$J$2:$J$1141,Data!$A$2:$A$1141,$A5,Data!$C$2:$C$1141,B$1) -> 3629.7124 | C5: =SUMIFS(Data!$J$2:$J$1141,Data!$A$2:$A$1141,$A5,Data!$C$2:$C$1141,C$1) -> 1116.7262 | D5: =SUMIFS(Data!$J$2:$J$1141,Data!$A$2:$A$1141,$A5,Data!$C$2:$C$1141,D$1) -> 2277.4913 | E5: =SUMIFS(Data!$J$2:$J$1141,Data!$A$2:$A$1141,$A5,Data!$C$2:$C$1141,E$1) -> 3714.2626 | F5: =SUMIFS(Data!$J$2:$J$1141,Data!$A$2:$A$1141,$A5,Data!$C$2:$C$1141,F$1) -> 7986.0963 | G5: =SUMIFS(Data!$J$2:$J$1141,Data!$A$2:$A$1141,$A5,Data!$C$2:$C$1141,G$1) -> 1092.6746 | H5: =SUMIFS(Data!$J$2:$J$1141,Data!$A$2:$A$1141,$A5,Data!$C$2:$C$1141,H$1) -> 433.35899 | I5: =SUMIFS(Data!$J$2:$J$1141,Data!$A$2:$A$1141,$A5,Data!$C$2:$C$1141,I$1) -> 707.57532 | ... N5: =SUMIFS(Data!$J$2:$J$1141,Data!$A$2:$A$1141,$A5,Data!$C$2:$C$1141,N$1) -> 99.815997
A6: 2018-19 | B6: =SUMIFS(Data!$J$2:$J$1141,Data!$A$2:$A$1141,$A6,Data!$C$2:$C$1141,B$1) -> 3562.2348 | C6: =SUMIFS(Data!$J$2:$J$1141,Data!$A$2:$A$1141,$A6,Data!$C$2:$C$1141,C$1) -> 1203.8114 | D6: =SUMIFS(Data!$J$2:$J$1141,Data!$A$2:$A$1141,$A6,Data!$C$2:$C$1141,D$1) -> 2517.1068 | E6: =SUMIFS(Data!$J$2:$J$1141,Data!$A$2:$A$1141,$A6,Data!$C$2:$C$1141,E$1) -> 3256.9695 | F6: =SUMIFS(Data!$J$2:$J$1141,Data!$A$2:$A$1141,$A6,Data!$C$2:$C$1141,F$1) -> 7256.586 | G6: =SUMIFS(Data!$J$2:$J$1141,Data!$A$2:$A$1141,$A6,Data!$C$2:$C$1141,G$1) -> 1247.7224 | H6: =SUMIFS(Data!$J$2:$J$1141,Data!$A$2:$A$1141,$A6,Data!$C$2:$C$1141,H$1) -> 451.28524 | I6: =SUMIFS(Data!$J$2:$J$1141,Data!$A$2:$A$1141,$A6,Data!$C$2:$C$1141,I$1) -> 622.04801 | ... N6: =SUMIFS(Data!$J$2:$J$1141,Data!$A$2:$A$1141,$A6,Data!$C$2:$C$1141,N$1) -> 102.73317
A7: 2019-20 | B7: =SUMIFS(Data!$J$2:$J$1141,Data!$A$2:$A$1141,$A7,Data!$C$2:$C$1141,B$1) -> 3808.9202 | C7: =SUMIFS(Data!$J$2:$J$1141,Data!$A$2:$A$1141,$A7,Data!$C$2:$C$1141,C$1) -> 1155.1578 | D7: =SUMIFS(Data!$J$2:$J$1141,Data!$A$2:$A$1141,$A7,Data!$C$2:$C$1141,D$1) -> 2742.2954 | E7: =SUMIFS(Data!$J$2:$J$1141,Data!$A$2:$A$1141,$A7,Data!$C$2:$C$1141,E$1) -> 3246.4841 | F7: =SUMIFS(Data!$J$2:$J$1141,Data!$A$2:$A$1141,$A7,Data!$C$2:$C$1141,F$1) -> 7838.793 | G7: =SUMIFS(Data!$J$2:$J$1141,Data!$A$2:$A$1141,$A7,Data!$C$2:$C$1141,G$1) -> 1273.1621 | H7: =SUMIFS(Data!$J$2:$J$1141,Data!$A$2:$A$1141,$A7,Data!$C$2:$C$1141,H$1) -> 444.42764 | I7: =SUMIFS(Data!$J$2:$J$1141,Data!$A$2:$A$1141,$A7,Data!$C$2:$C$1141,I$1) -> 783.13592 | ... N7: =SUMIFS(Data!$J$2:$J$1141,Data!$A$2:$A$1141,$A7,Data!$C$2:$C$1141,N$1) -> 107.61019
A8: 2020-21 | B8: =SUMIFS(Data!$J$2:$J$1141,Data!$A$2:$A$1141,$A8,Data!$C$2:$C$1141,B$1) -> 3379.6254 | C8: =SUMIFS(Data!$J$2:$J$1141,Data!$A$2:$A$1141,$A8,Data!$C$2:$C$1141,C$1) -> 1053.7781 | D8: =SUMIFS(Data!$J$2:$J$1141,Data!$A$2:$A$1141,$A8,Data!$C$2:$C$1141,D$1) -> 2357.1238 | E8: =SUMIFS(Data!$J$2:$J$1141,Data!$A$2:$A$1141,$A8,Data!$C$2:$C$1141,E$1) -> 3480.8307 | F8: =SUMIFS(Data!$J$2:$J$1141,Data!$A$2:$A$1141,$A8,Data!$C$2:$C$1141,F$1) -> 6408.648 | G8: =SUMIFS(Data!$J$2:$J$1141,Data!$A$2:$A$1141,$A8,Data!$C$2:$C$1141,G$1) -> 1048.6001 | H8: =SUMIFS(Data!$J$2:$J$1141,Data!$A$2:$A$1141,$A8,Data!$C$2:$C$1141,H$1) -> 367.06756 | I8: =SUMIFS(Data!$J$2:$J$1141,Data!$A$2:$A$1141,$A8,Data!$C$2:$C$1141,I$1) -> 559.45111 | ... N8: =SUMIFS(Data!$J$2:$J$1141,Data!$A$2:$A$1141,$A8,Data!$C$2:$C$1141,N$1) -> 104.03
A9: 2021-22 | B9: =SUMIFS(Data!$J$2:$J$1141,Data!$A$2:$A$1141,$A9,Data!$C$2:$C$1141,B$1) -> 3565.8159 | C9: =SUMIFS(Data!$J$2:$J$1141,Data!$A$2:$A$1141,$A9,Data!$C$2:$C$1141,C$1) -> 911.60129 | D9: =SUMIFS(Data!$J$2:$J$1141,Data!$A$2:$A$1141,$A9,Data!$C$2:$C$1141,D$1) -> 2437.3207 | E9: =SUMIFS(Data!$J$2:$J$1141,Data!$A$2:$A$1141,$A9,Data!$C$2:$C$1141,E$1) -> 3056.0765 | F9: =SUMIFS(Data!$J$2:$J$1141,Data!$A$2:$A$1141,$A9,Data!$C$2:$C$1141,F$1) -> 7065.5201 | G9: =SUMIFS(Data!$J$2:$J$1141,Data!$A$2:$A$1141,$A9,Data!$C$2:$C$1141,G$1) -> 935.50524 | H9: =SUMIFS(Data!$J$2:$J$1141,Data!$A$2:$A$1141,$A9,Data!$C$2:$C$1141,H$1) -> 378.63847 | I9: =SUMIFS(Data!$J$2:$J$1141,Data!$A$2:$A$1141,$A9,Data!$C$2:$C$1141,I$1) -> 659.79614 | ... N9: =SUMIFS(Data!$J$2:$J$1141,Data!$A$2:$A$1141,$A9,Data!$C$2:$C$1141,N$1) -> 109.24083
A10: 2022-23 | B10: =SUMIFS(Data!$J$2:$J$1141,Data!$A$2:$A$1141,$A10,Data!$C$2:$C$1141,B$1) -> 3500.1964 | C10: =SUMIFS(Data!$J$2:$J$1141,Data!$A$2:$A$1141,$A10,Data!$C$2:$C$1141,C$1) -> 812.64385 | D10: =SUMIFS(Data!$J$2:$J$1141,Data!$A$2:$A$1141,$A10,Data!$C$2:$C$1141,D$1) -> 2514.0836 | E10: =SUMIFS(Data!$J$2:$J$1141,Data!$A$2:$A$1141,$A10,Data!$C$2:$C$1141,E$1) -> 2967.7155 | F10: =SUMIFS(Data!$J$2:$J$1141,Data!$A$2:$A$1141,$A10,Data!$C$2:$C$1141,F$1) -> 7007.1197 | G10: =SUMIFS(Data!$J$2:$J$1141,Data!$A$2:$A$1141,$A10,Data!$C$2:$C$1141,G$1) -> 1038.473 | H10: =SUMIFS(Data!$J$2:$J$1141,Data!$A$2:$A$1141,$A10,Data!$C$2:$C$1141,H$1) -> 360.97385 | I10: =SUMIFS(Data!$J$2:$J$1141,Data!$A$2:$A$1141,$A10,Data!$C$2:$C$1141,I$1) -> 675.39794 | ... N10: =SUMIFS(Data!$J$2:$J$1141,Data!$A$2:$A$1141,$A10,Data!$C$2:$C$1141,N$1) -> 111.07324
A11: 2023-24 | B11: =SUMIFS(Data!$J$2:$J$1141,Data!$A$2:$A$1141,$A11,Data!$C$2:$C$1141,B$1) -> 3353.7059 | C11: =SUMIFS(Data!$J$2:$J$1141,Data!$A$2:$A$1141,$A11,Data!$C$2:$C$1141,C$1) -> 808.9538 | D11: =SUMIFS(Data!$J$2:$J$1141,Data!$A$2:$A$1141,$A11,Data!$C$2:$C$1141,D$1) -> 2447.992 | E11: =SUMIFS(Data!$J$2:$J$1141,Data!$A$2:$A$1141,$A11,Data!$C$2:$C$1141,E$1) -> 3432.3287 | F11: =SUMIFS(Data!$J$2:$J$1141,Data!$A$2:$A$1141,$A11,Data!$C$2:$C$1141,F$1) -> 6239.0788 | G11: =SUMIFS(Data!$J$2:$J$1141,Data!$A$2:$A$1141,$A11,Data!$C$2:$C$1141,G$1) -> 986.63095 | H11: =SUMIFS(Data!$J$2:$J$1141,Data!$A$2:$A$1141,$A11,Data!$C$2:$C$1141,H$1) -> 330.97983 | I11: =SUMIFS(Data!$J$2:$J$1141,Data!$A$2:$A$1141,$A11,Data!$C$2:$C$1141,I$1) -> 505.07865 | ... N11: =SUMIFS(Data!$J$2:$J$1141,Data!$A$2:$A$1141,$A11,Data!$C$2:$C$1141,N$1) -> 105.41276
A12: 2024-25 | B12: =SUMIFS(Data!$J$2:$J$1141,Data!$A$2:$A$1141,$A12,Data!$C$2:$C$1141,B$1) -> 3287.5915 | C12: =SUMIFS(Data!$J$2:$J$1141,Data!$A$2:$A$1141,$A12,Data!$C$2:$C$1141,C$1) -> 1211.2229 | D12: =SUMIFS(Data!$J$2:$J$1141,Data!$A$2:$A$1141,$A12,Data!$C$2:$C$1141,D$1) -> 2384.344 | E12: =SUMIFS(Data!$J$2:$J$1141,Data!$A$2:$A$1141,$A12,Data!$C$2:$C$1141,E$1) -> 4676.4418 | F12: =SUMIFS(Data!$J$2:$J$1141,Data!$A$2:$A$1141,$A12,Data!$C$2:$C$1141,F$1) -> 5487.209 | G12: =SUMIFS(Data!$J$2:$J$1141,Data!$A$2:$A$1141,$A12,Data!$C$2:$C$1141,G$1) -> 1015.8194 | H12: =SUMIFS(Data!$J$2:$J$1141,Data!$A$2:$A$1141,$A12,Data!$C$2:$C$1141,H$1) -> 290.32209 | I12: =SUMIFS(Data!$J$2:$J$1141,Data!$A$2:$A$1141,$A12,Data!$C$2:$C$1141,I$1) -> 464.58816 | ... N12: =SUMIFS(Data!$J$2:$J$1141,Data!$A$2:$A$1141,$A12,Data!$C$2:$C$1141,N$1) -> 101.90305
A14: Yield recomputed = production x unit factor / area (kg/ha). Sugarcane is in t/ha from 2003-04 onward; do not compare with earlier years.

Sheet Notes
A1: Source: Tamil Nadu Season and Crop Report, Table IX-C "Time series data on area, production and yield rate of principal crops", Dept. of Economics and Statistics (uploaded crops.pdf, pages 339-356). State-level, 1965-66 to 2024-25.
A2: Blue cells on Data are values typed from the PDF; black cells are formulas.
A3: Yield recomputed = Production x Unit factor / Area. Unit factor: 1000 (tonnes to kg), 170 for cotton (bales of 170 kg lint), 1 for sugarcane from 2003-04 (printed yield is t/ha).
A4: Check column flags rows where recomputed yield differs from the printed yield by more than 5%. Filter Check = CHECK to see printed-yield errors in the source.
A5: Paddy production is in terms of rice, not raw paddy.
A6: Sugarcane 2003-04 onward: production is cane tonnage and yield is t/ha, so earlier years (gur terms) are not comparable.
A7: Total Cereals, Foodgrains and Total Pulses are aggregates of other rows; do not add them to individual crops.
A8: Use the recomputed yield for analysis, not the printed yield.
